title,description,tags,file_path,devto_published,hashnode_published,author
Top 10 Context Engineering Tools Powering Next-Gen AI,"As AI shifts from prompt-based tricks to context-aware intelligence, ten open-source tools are leading the charge","ai,tools,context,engineering",Top-10-Tools.md,FALSE,FALSE,Context Space Team
Context Engineering: The Missing Foundation Every AI Developer Needs,Most AI developers don't understand the fundamental shift happening right now,"ai,context,engineering,development",Context-Engineering-Foundation.md,FALSE,FALSE,Context Space Team
Beyond the Black Box: Why We Built Context Space as a Tool-First Infrastructure,Moving beyond traditional integration approaches to context-aware infrastructure,"infrastructure,tools,context,development",why-tool-first.md,FALSE,FALSE,Context Space Team
"The problem with AI agents isn't the model, it's missing context","AI agents' primary limitation isn't the model, but the missing context","ai,agents,context,infrastructure",ai-agent-fix.md,FALSE,FALSE,Context Space Team
The Top 3 Approaches Powering the Future of AI Memory,Exploring the three key approaches that are revolutionizing AI memory systems,"ai,memory,context,future",Top-3-Approaches.md,FALSE,FALSE,Context Space Team
Economics of Context Caching: How Smart Caching Saves 80% on AI Costs,Understanding the economic benefits of intelligent context caching strategies,"ai,economics,caching,optimization",Economics-Context-Caching.md,FALSE,FALSE,Context Space Team
Beyond Integrations: Building Tools That Think,How to build AI tools that understand context rather than just process data,"ai,tools,development,context",Beyond-Integrations.md,FALSE,FALSE,Context Space Team
RAG vs Context Engineering: A Deep Dive,Comparing traditional RAG approaches with modern context engineering,"ai,rag,context,engineering",RAG-Context-Engineering.md,FALSE,FALSE,Context Space Team
10 Open Source Projects Reshaping AI Development in 2025,The most impactful open source projects transforming how we build AI,"opensource,ai,development,2025",10-Open-Source-Projects.md,FALSE,FALSE,Context Space Team
Context Engineering Will Replace Prompt Engineering,"Why the future of AI interaction is about context, not prompts","ai,context,prompts,future",Context-Engineering-Replace-Prompt.md,FALSE,FALSE,Context Space Team
Forget Prompts: Context is the New Compute,Understanding the paradigm shift from prompt engineering to context engineering,"ai,context,compute,paradigm",Forget-prompt-Context-new-compute.md,FALSE,FALSE,Context Space Team
The Context Window: Understanding AI's Memory Limitation,Deep dive into context windows and their impact on AI performance,"ai,context,memory,limitations",The-Context-Window.md,FALSE,FALSE,Context Space Team 
Building Developer Tools for Context Engineering: What Manus Taught Us and What We're Building,Article about Building Developer Tools for Context Engineering: What Manus Taught Us and What We're Building,"development,tools",building-tools.md,false,false,Context Space Team
Not Just Another WrapperThe Engineering Behind Context Space,Article about Not Just Another WrapperThe Engineering Behind Context Space,engineering,engineering-deep-dive.md,false,false,Context Space Team
Context Engineering for AI Agents: Key Lessons from Manus,Article about Context Engineering for AI Agents: Key Lessons from Manus,"context,engineering",manus-lessons.md,false,false,Context Space Team
Two Approaches to Context Engineering: Manus vs Context Space,Article about Two Approaches to Context Engineering: Manus vs Context Space,"context,engineering",manus-vs-context-space.md,false,false,Context Space Team
The New Stack for AI BuildersMemory + Emotion + Context,Article about The New Stack for AI BuildersMemory + Emotion + Context,aitools,The-New-Stack-AI-Builders.md,false,false,Context Space Team
"Context is the New Engine: Why Smarter Systems Are Built on Understanding, Not Just Speed","Article about Context is the New Engine: Why Smarter Systems Are Built on Understanding, Not Just Speed","ai,trends",Context-New-Engine.md,false,false,Context Space Team
Not Just Another WrapperThe Engineering Behind Context Space,Article about Not Just Another WrapperThe Engineering Behind Context Space,engineering,engineering-deep-dive.md,false,false,Context Space Team
The New Stack for AI BuildersMemory + Emotion + Context,Article about The New Stack for AI BuildersMemory + Emotion + Context,aitools,The-New-Stack-AI-Builders.md,false,false,Context Space Team
Not Just Another WrapperThe Engineering Behind Context Space,Article about Not Just Another WrapperThe Engineering Behind Context Space,engineering,engineering-deep-dive.md,false,false,Context Space Team
The New Stack for AI BuildersMemory + Emotion + Context,Article about The New Stack for AI BuildersMemory + Emotion + Context,aitools,The-New-Stack-AI-Builders.md,false,false,Context Space Team
